[{
    "url": "sub_029_content2_01.jpg",
    "title":"화제의 책+알라딘 굿즈 (이벤트 도서 포함, 국내도서 4만원 이상)"
},{
    "url": "sub_030_content2_02.jpg",
    "title":"0월 특별 선물. 유리 찻주전자 · 원형 방석 (이벤트 도서 포함, 국내서.외서 5만원 이상)"
},{
    "url": "sub_031_content2_03.jpg",
    "title":"책과 함께 무료배송 - 함께 사기 좋은 특가 도서 · 저가 도서 총집합"
},{
    "url": "sub_032_content2_04.jpg",
    "title":"이 달의 적립금 혜택"
},{
    "url": "sub_033_content2_05.jpg",
    "title":"모든 책 오늘 출고 서비스 오픈"
},{
    "url": "sub_034_content2_06.jpg",
    "title":" 함께 사면 무료배송. 1천원~4천원대 굿즈 총집합"
},{
    "url": "sub_035_content2_07.jpg",
    "title":"이 시간, 알라딘 사은품 총집합!"
}]